speed_rpm,pos_reported_nm,neg_reported_nm,mean_reported_nm,band_p10_nm,band_p90_nm,p10_occluded,kt_ratio_pos,kt_ratio_neg
52,4.935,4.635,4.785,4.080,5.362,0,0.290,0.377
53,4.916,4.630,4.773,4.147,5.353,0,0.298,0.384
54,4.895,4.622,4.758,4.252,5.343,0,0.305,0.398
55,4.873,4.614,4.744,4.319,5.372,0,0.315,0.405
56,4.840,4.614,4.727,4.300,5.420,0,0.330,0.414
57,4.802,4.615,4.708,4.281,5.468,0,0.352,0.425
58,4.764,4.616,4.690,4.261,5.525,0,0.374,0.432
59,4.737,4.617,4.677,4.252,5.554,0,0.394,0.447
60,4.726,4.618,4.672,4.261,5.516,0,0.408,0.455
61,4.717,4.619,4.668,4.271,5.496,0,0.422,0.470
62,4.709,4.621,4.665,4.281,5.477,0,0.433,0.477
63,4.745,4.616,4.681,4.252,5.496,0,0.419,0.491
64,4.797,4.606,4.701,4.223,5.544,0,0.391,0.502
65,4.850,4.597,4.723,4.204,5.611,0,0.366,0.514
66,4.854,4.595,4.724,4.175,5.630,0,0.354,0.523
67,4.763,4.624,4.694,4.166,5.563,0,0.384,0.524
68,4.668,4.644,4.656,4.147,5.516,0,0.420,0.520
69,4.581,4.664,4.623,4.137,5.544,0,0.455,0.519
70,4.552,4.642,4.597,4.118,5.554,0,0.478,0.525
71,4.549,4.613,4.581,4.080,5.544,0,0.493,0.541
72,4.544,4.578,4.561,4.041,5.525,0,0.508,0.552
73,4.532,4.547,4.540,3.984,5.477,0,0.518,0.566
74,4.509,4.453,4.481,3.984,5.295,0,0.516,0.573
75,4.482,4.383,4.433,3.965,5.075,0,0.513,0.586
76,4.454,4.322,4.388,3.946,4.893,0,0.512,0.592
77,4.403,4.274,4.338,3.907,4.807,0,0.535,0.601
78,4.341,4.256,4.299,3.869,4.759,0,0.577,0.609
79,4.285,4.242,4.264,3.831,4.721,0,0.619,0.615
80,4.231,4.200,4.216,3.802,4.692,0,0.652,0.624
81,4.187,4.147,4.167,3.716,4.597,0,0.660,0.625
82,4.146,4.071,4.108,3.639,4.510,0,0.664,0.627
83,4.108,4.006,4.057,3.572,4.453,0,0.668,0.631
84,4.097,3.977,4.037,3.553,4.443,0,0.671,0.631
85,4.100,3.977,4.038,3.543,4.453,0,0.672,0.630
86,4.104,3.978,4.041,3.496,4.472,0,0.673,0.630
87,4.098,3.979,4.038,3.448,4.482,0,0.674,0.629
88,4.058,3.958,4.008,3.438,4.472,0,0.677,0.627
89,4.015,3.940,3.978,3.419,4.453,0,0.679,0.625
90,3.973,3.927,3.950,3.400,4.434,0,0.681,0.621
91,3.956,3.935,3.946,3.390,4.434,0,0.682,0.622
92,3.956,3.959,3.958,3.390,4.443,0,0.680,0.625
93,3.957,3.983,3.970,3.390,4.453,0,0.679,0.631
94,3.946,4.011,3.979,3.390,4.472,0,0.677,0.632
95,3.909,4.006,3.958,3.362,4.482,0,0.672,0.631
96,3.863,3.998,3.931,3.333,4.491,0,0.667,0.630
97,3.816,3.987,3.901,3.304,4.501,0,0.662,0.627
98,3.761,3.938,3.849,3.237,4.472,0,0.658,0.623
99,3.699,3.847,3.773,3.161,4.415,0,0.656,0.614
100,3.638,3.731,3.684,3.055,4.329,0,0.654,0.607
101,3.585,3.639,3.612,2.979,4.281,0,0.651,0.601
102,3.561,3.539,3.550,2.912,4.147,0,0.644,0.597
103,3.543,3.458,3.501,2.854,4.032,0,0.637,0.597
104,3.525,3.379,3.452,2.787,3.917,0,0.630,0.596
105,3.496,3.308,3.402,2.739,3.831,0,0.628,0.596
106,3.459,3.261,3.360,2.739,3.821,0,0.630,0.597
107,3.421,3.219,3.320,2.730,3.812,0,0.633,0.597
108,3.382,3.184,3.283,2.730,3.812,0,0.635,0.598
109,3.338,3.142,3.240,2.701,3.773,0,0.637,0.595
110,3.294,3.113,3.204,2.682,3.735,0,0.638,0.594
111,3.250,3.090,3.170,2.653,3.697,0,0.639,0.592
112,3.213,3.064,3.139,2.624,3.678,0,0.639,0.590
113,3.182,3.060,3.121,2.615,3.697,0,0.637,0.590
114,3.149,3.054,3.101,2.586,3.716,0,0.636,0.590
115,3.109,3.046,3.077,2.577,3.735,0,0.633,0.590
116,3.041,3.041,3.041,2.557,3.716,0,0.631,0.589
117,2.962,3.023,2.993,2.529,3.687,0,0.627,0.588
118,2.886,3.013,2.950,2.452,3.649,0,0.624,0.588
119,2.817,2.968,2.893,2.385,3.601,0,0.623,0.590
120,2.755,2.879,2.817,2.289,3.496,0,0.623,0.591
121,2.699,2.789,2.744,2.242,3.438,0,0.623,0.593
122,2.643,2.699,2.671,2.175,3.362,0,0.623,0.598
123,2.620,2.631,2.625,2.127,3.256,0,0.626,0.601
124,2.593,2.551,2.572,2.088,3.161,0,0.630,0.605
125,2.574,2.498,2.536,2.050,3.046,0,0.633,0.614
126,2.553,2.447,2.500,2.021,2.969,0,0.636,0.615
127,2.531,2.414,2.473,1.983,2.960,0,0.639,0.617
128,2.509,2.379,2.444,1.983,2.940,0,0.643,0.619
129,2.487,2.342,2.415,1.983,2.931,0,0.646,0.619
130,2.452,2.321,2.386,1.983,2.921,0,0.648,0.619
131,2.413,2.299,2.356,1.973,2.912,0,0.651,0.619
132,2.375,2.271,2.323,1.964,2.912,0,0.654,0.619
133,2.332,2.260,2.296,1.945,2.902,0,0.656,0.619
134,2.285,2.251,2.268,1.926,2.902,0,0.656,0.619
135,2.238,2.244,2.241,1.916,2.902,0,0.656,0.616
136,2.192,2.239,2.216,1.897,2.902,0,0.656,0.616
137,2.158,2.197,2.178,1.878,2.883,0,0.658,0.616
138,2.129,2.163,2.146,1.849,2.845,0,0.660,0.616
139,2.097,2.122,2.109,1.811,2.797,0,0.662,0.617
140,2.065,2.085,2.075,1.772,2.730,0,0.663,0.616
141,2.041,2.014,2.027,1.753,2.672,0,0.660,0.616
142,2.013,1.959,1.986,1.725,2.605,0,0.657,0.611
143,1.987,1.900,1.944,1.686,2.529,0,0.654,0.610
144,1.957,1.856,1.907,1.658,2.490,0,0.650,0.609
145,1.928,1.822,1.875,1.629,2.471,0,0.647,0.605
146,1.898,1.786,1.842,1.600,2.452,0,0.643,0.605
147,1.876,1.748,1.812,1.571,2.443,0,0.642,0.603
148,1.861,1.724,1.792,1.543,2.433,0,0.646,0.598
149,1.847,1.697,1.772,1.514,2.433,0,0.651,0.596
150,1.831,1.661,1.746,1.476,2.433,0,0.654,0.593
151,1.795,1.641,1.718,1.447,2.414,0,0.651,0.587
152,1.752,1.615,1.683,1.409,2.385,0,0.645,0.582
153,1.709,1.586,1.647,1.380,2.356,0,0.638,0.578
154,1.672,1.564,1.618,1.342,2.318,0,0.633,0.568
155,1.645,1.533,1.589,1.313,2.289,0,0.627,0.565
156,1.617,1.497,1.557,1.294,2.251,0,0.621,0.561
157,1.588,1.471,1.530,1.255,2.213,0,0.616,0.550
158,1.563,1.440,1.502,1.236,2.175,0,0.611,0.548
159,1.538,1.394,1.466,1.198,2.136,0,0.606,0.545
160,1.513,1.361,1.437,1.160,2.088,0,0.602,0.540
161,1.489,1.335,1.412,1.131,2.060,0,0.597,0.538
162,1.463,1.300,1.381,1.112,2.031,0,0.593,0.534
163,1.440,1.279,1.359,1.074,1.983,0,0.588,0.525
164,1.414,1.260,1.337,1.045,1.983,1,0.583,0.522
165,1.382,1.221,1.301,1.016,1.954,1,0.575,0.518
166,1.346,1.185,1.266,0.978,1.906,1,0.564,0.506
167,1.310,1.153,1.232,0.968,1.868,1,0.554,0.501
168,1.272,1.118,1.195,0.949,1.820,1,0.544,0.496
169,1.230,1.070,1.150,0.930,1.772,1,0.535,0.484
170,1.187,1.040,1.114,0.911,1.725,1,0.527,0.478
171,1.145,1.008,1.077,0.882,1.686,1,0.518,0.468
172,1.112,0.970,1.041,0.863,1.638,1,0.510,0.461
173,1.079,0.939,1.009,0.844,1.600,1,0.500,0.455
174,1.047,0.914,0.980,0.825,1.562,1,0.491,0.442
175,1.013,0.880,0.946,0.806,1.514,1,0.481,0.436
176,0.981,0.854,0.917,0.786,1.476,1,0.470,0.420
177,0.949,0.840,0.894,0.767,1.437,1,0.457,0.409
178,0.916,0.810,0.863,0.739,1.399,1,0.444,0.389
179,0.880,0.783,0.832,0.710,1.361,1,0.424,0.375
180,0.841,0.758,0.799,0.671,1.303,1,0.401,0.353
181,0.806,0.721,0.764,0.652,1.284,1,0.378,0.330
182,0.768,0.689,0.728,0.614,1.236,1,0.354,0.309
183,0.734,0.655,0.695,0.528,1.112,1,0.331,0.274
184,0.699,0.621,0.660,0.518,0.940,0,0.307,0.233
185,0.665,0.574,0.619,0.499,0.873,0,0.283,0.196
186,0.626,0.544,0.585,0.480,0.806,0,0.227,0.157
187,0.584,0.530,0.557,0.451,0.739,0,0.153,0.117
188,0.542,0.504,0.523,0.423,0.652,0,0.074,0.075
189,0.513,0.497,0.505,0.403,0.614,0,0.024,0.048
